bestFitness,diversity,meanFitness,worstFitness,probability
14.667178121179662,1000,10.724920486610747,8.27550695173008;0.1
15.445163546535525,355,12.805989590870105,12.229008313946519;0.1
15.761529041651391,116,14.52699302528179,15.104215215547367;0.1
15.933889783651631,44,15.184728301601828,13.150501959257028;0.1
15.933889783651631,22,15.388237226697187,15.445163546535525;0.1
15.985054623993115,35,15.464037456077676,15.445163546535525;0.1
15.985054623993115,44,15.551216313631915,15.445163546535525;0.1
15.985054623993115,14,15.666895206957516,15.445163546535525;0.1
16.04111438100956,27,15.729203223972508,15.445163546535525;0.1
15.985054623993115,14,15.795322031753164,15.761529041651391;0.1
15.985054623993115,21,15.846565438164795,15.761529041651391;0.1
16.079941433546082,32,15.874154151149806,15.933889783651631;0.1
16.079941433546082,29,15.913943567603662,15.933889783651631;0.1
16.079941433546082,30,15.929520757922273,15.761529041651391;0.1
16.079941433546082,30,15.946383859163246,15.933889783651631;0.1
16.079941433546082,28,15.951974647139425,15.985054623993115;0.1
16.079941433546082,34,15.945677532720628,15.933889783651631;0.1
16.079941433546082,26,15.962159132107153,15.985054623993115;0.1
16.079941433546082,27,15.957546952809496,15.933889783651631;0.1
16.079941433546082,33,15.950976223902359,15.985054623993115;0.1
16.079941433546082,29,15.965571698485874,15.985054623993115;0.1
16.079941433546082,26,15.964639277807965,15.985054623993115;0.1
16.079941433546082,32,15.961571704147554,15.985054623993115;0.1
16.079941433546082,31,15.969828659626803,15.985054623993115;0.1
16.079941433546082,38,15.9518955616637,14.231982598834428;0.1
16.081438167586846,36,15.964661346619128,15.985054623993115;0.1
16.079941433546082,31,15.97187928277563,15.985054623993115;0.1
16.079941433546082,29,15.984399332018382,15.985054623993115;0.1
16.079941433546082,38,15.996453995631276,15.985054623993115;0.1
16.079941433546082,43,16.01342927644205,15.985054623993115;0.1
16.079941433546082,46,16.018401152770664,15.985054623993115;0.1
16.079941433546082,37,16.03254992861869,16.055874691676237;0.1
16.079941433546082,34,16.039504685163532,16.055874691676237;0.1
16.081853229238476,32,16.04205256717803,16.055874691676237;0.1
16.081853229238476,28,16.04951638850006,16.055874691676237;0.1
16.081853229238476,26,16.056199010263715,15.973289505769303;0.1
16.081853229238476,25,16.056210238512623,16.079941433546082;0.1
16.081853229238476,27,16.05434109440409,16.079941433546082;0.1
16.081853229238476,32,16.0511191279778,16.079941433546082;0.1
16.081853229238476,29,16.052204640394088,16.079941433546082;0.1
16.081853229238476,29,16.055486929036448,15.555841806657977;0.1
16.081853229238476,31,16.048592175386855,16.079941433546082;0.1
16.081853229238476,29,16.048398682890184,16.079941433546082;0.1
16.083011605939383,24,16.06129259209305,16.079941433546082;0.1
16.081853229238476,28,16.053307737963056,16.079941433546082;0.1
16.081853229238476,25,16.059482172152965,16.079941433546082;0.1
16.081853229238476,28,16.05448898638892,16.079941433546082;0.1
16.081853229238476,31,16.045972559439555,16.079941433546082;0.1
16.081853229238476,33,16.0536240348539,16.079941433546082;0.1
16.081853229238476,32,16.047071867606938,16.079941433546082;0.1
16.081853229238476,38,16.05296291728812,16.079941433546082;0.1
16.081853229238476,35,16.04761015675837,16.079941433546082;0.1
16.08222046706328,34,16.05546772049264,16.079941433546082;0.1
16.081853229238476,35,16.05259943256108,15.736112008055237;0.1
16.081853229238476,31,16.056508510675695,16.079941433546082;0.1
16.081853229238476,33,16.05109669862514,16.079941433546082;0.1
16.081853229238476,23,16.066613517540798,16.079941433546082;0.1
16.083642214216418,28,16.05573402789197,16.079941433546082;0.1
16.083642214216418,30,16.052801104874263,16.081853229238476;0.1
16.083642214216418,30,16.055885431227782,16.079941433546082;0.1
16.083642214216418,26,16.059360470368368,16.079941433546082;0.1
16.083642214216418,30,16.059747105015678,16.079941433546082;0.1
16.083642214216418,30,16.053912940335444,16.081853229238476;0.1
16.083642214216418,30,16.052977871924604,16.079941433546082;0.1
16.083642214216418,26,16.059645801188978,15.708334488561686;0.1
16.083642214216418,27,16.06246743696304,16.079941433546082;0.1
16.083642214216418,28,16.05306088599337,15.708334488561686;0.1
16.083642214216418,30,16.050363987493007,16.079941433546082;0.1
16.083642214216418,32,16.054021147963145,16.081853229238476;0.1
16.083642214216418,29,16.057463913473175,16.081853229238476;0.1
16.083642214216418,32,16.056423961215607,16.081853229238476;0.1
16.083642214216418,33,16.052509208865146,16.081853229238476;0.1
16.083642214216418,33,16.056482184200735,16.081853229238476;0.1
16.083642214216418,28,16.057042018393638,16.081853229238476;0.1
16.083642214216418,33,16.059892290960903,15.80317826005934;0.1
16.083642214216418,32,16.06194412694737,16.081853229238476;0.1
16.083642214216418,31,16.06397365338456,16.081853229238476;0.1
16.08418389358251,28,16.062250961960412,16.081853229238476;0.1
16.083642214216418,28,16.060397290595905,16.081853229238476;0.1
16.083642214216418,24,16.066594968918526,16.081853229238476;0.1
16.083642214216418,33,16.05000053634311,16.081853229238476;0.1
16.083642214216418,33,16.056706170516158,16.081853229238476;0.1
16.083642214216418,35,16.051691413647074,16.081853229238476;0.1
16.083642214216418,24,16.056759249680255,15.41002668524429;0.1
16.083642214216418,27,16.05661019259106,16.081853229238476;0.1
16.084236855050538,30,16.0540265707093,16.081853229238476;0.1
16.084236855050538,28,16.050751092559953,16.083642214216418;0.1
16.084236855050538,28,16.049592058901563,16.081853229238476;0.1
16.084236855050538,23,16.06413413224962,16.083642214216418;0.1
16.084236855050538,31,16.055192434839714,16.083642214216418;0.1
16.084236855050538,26,16.065090182835387,16.083642214216418;0.1
16.084236855050538,28,16.066122560216183,16.081853229238476;0.1
16.084236855050538,33,16.05082041153031,16.081853229238476;0.1
16.084236855050538,22,16.069272381678484,16.081853229238476;0.1
16.084236855050538,25,16.06935925366223,15.534694097525787;0.1
16.084236855050538,32,16.05590904955186,16.081853229238476;0.1
16.084236855050538,34,16.05082620282734,16.083642214216418;0.1
16.084236855050538,25,16.061338288413417,16.083642214216418;0.1
16.084236855050538,29,16.05843611868232,16.081853229238476;0.1
16.084236855050538,26,16.06312196295946,16.081853229238476;0.1
16.084236855050538,26,16.05994362629206,16.081853229238476;0.1
16.084236855050538,25,16.05998505995943,15.739697351125255;0.1
16.084236855050538,34,16.04795577333596,16.083642214216418;0.1
16.084236855050538,31,16.045972959005933,16.083642214216418;0.1
16.084236855050538,28,16.05730456148707,16.083642214216418;0.1
16.084236855050538,33,16.057450542753262,16.083642214216418;0.1
16.084236855050538,42,16.04884930229897,15.396108604939728;0.1
16.084236855050538,34,16.0631125918377,16.083642214216418;0.1
16.084236855050538,31,16.058727366485734,16.083642214216418;0.1
16.084236855050538,36,16.06168046943732,16.083642214216418;0.1
16.084236855050538,38,16.05490676908884,16.083642214216418;0.1
16.084236855050538,34,16.06303417979004,16.083642214216418;0.1
16.084236855050538,47,16.044845721127366,16.083642214216418;0.1
16.084236855050538,39,16.05421319763317,15.986909796346012;0.1
16.084236855050538,43,16.047713786244415,16.083642214216418;0.1
16.084236855050538,39,16.054788279047504,16.083642214216418;0.1
16.084236855050538,38,16.045448885506502,16.083642214216418;0.1
16.084236855050538,39,16.047018522235085,16.083642214216418;0.1
16.084236855050538,27,16.06288901344842,16.083642214216418;0.1
16.084236855050538,32,16.055756947736135,16.083642214216418;0.1
16.084236855050538,30,16.060569968361662,16.084019123703563;0.1
16.084236855050538,28,16.055332914108863,16.083642214216418;0.1
16.084236855050538,25,16.058443745657435,16.083642214216418;0.1
16.084236855050538,23,16.06805513791151,16.084236855050538;0.1
16.084236855050538,23,16.068462205383863,16.083642214216418;0.1
16.084236855050538,28,16.059881591184453,16.084019123703563;0.1
16.084236855050538,28,16.05605960355775,16.083642214216418;0.1
16.084236855050538,31,16.048489978244667,16.083642214216418;0.1
16.084236855050538,30,16.05898088249985,16.084236855050538;0.1
16.084236855050538,26,16.06449792621353,16.084236855050538;0.1
16.084236855050538,31,16.058632933416046,16.084236855050538;0.1
16.084236855050538,24,16.057556405495085,16.084236855050538;0.1
16.084236855050538,25,16.06301836854137,16.084019123703563;0.1
16.084236855050538,26,16.063312153551927,15.408528484163547;0.1
16.084236855050538,28,16.05522879020885,16.084236855050538;0.1
16.084236855050538,31,16.055636860522434,16.084236855050538;0.1
16.084236855050538,31,16.048036743785794,16.084236855050538;0.1
16.084236855050538,32,16.057902059834433,16.084236855050538;0.1
16.084236855050538,30,16.049108923485452,16.084236855050538;0.1
16.084236855050538,34,16.052384425347284,15.874383717080695;0.1
16.084236855050538,27,16.058866982739865,16.084236855050538;0.1
16.084236855050538,33,16.05642180253964,16.084236855050538;0.1
16.084236855050538,32,16.041565564498846,16.084236855050538;0.1
16.084236855050538,24,16.06077935984218,16.084236855050538;0.1
16.084236855050538,25,16.05805868355945,16.084236855050538;0.1
16.084236855050538,32,16.05380581805257,16.084236855050538;0.1
16.084236855050538,26,16.06054160768303,16.084236855050538;0.1
16.084236855050538,28,16.059041093404502,16.084236855050538;0.1
16.084236855050538,31,16.05498650021896,16.084236855050538;0.1
16.084236855050538,27,16.051433682112503,16.084236855050538;0.1
16.084236855050538,29,16.04220106255178,16.084236855050538;0.1
16.084236855050538,30,16.05063444105264,16.084236855050538;0.1
16.08429190850461,29,16.056322157122203,16.084236855050538;0.1
16.08429190850461,34,16.046800633139,15.710606687282922;0.1
16.08429190850461,26,16.067159316346146,16.084236855050538;0.1
16.08429190850461,25,16.058034153312796,16.084236855050538;0.1
16.08429190850461,25,16.061103350340673,16.084236855050538;0.1
16.08429190850461,24,16.058649181923684,16.084236855050538;0.1
16.08429190850461,30,16.058463935632552,16.084236855050538;0.1
16.08429190850461,30,16.0623079534685,16.084236855050538;0.1
16.08429190850461,32,16.059659188335708,14.481432713270213;0.1
16.08429190850461,35,16.052537615503987,16.084236855050538;0.1
16.08429190850461,37,16.051117812252368,16.084236855050538;0.1
16.08429190850461,33,16.049388261204243,16.084236855050538;0.1
16.08429190850461,27,16.0645421277596,16.084236855050538;0.1
16.08429190850461,30,16.053645002989455,15.635847932660537;0.1
16.08429190850461,25,16.060170340476276,16.084236855050538;0.1
16.08429190850461,23,16.063373435678475,16.084236855050538;0.1
16.08429190850461,31,16.052807902383496,16.084236855050538;0.1
16.08429190850461,27,16.060698985441707,16.084236855050538;0.1
16.084236855050538,27,16.057122963637507,15.977648281483598;0.1
16.084236855050538,33,16.047635554501543,16.084236855050538;0.1
16.084236855050538,28,16.044162770619284,16.084236855050538;0.1
16.084236855050538,25,16.063078190084944,16.084236855050538;0.1
16.084236855050538,29,16.058049972664037,16.084236855050538;0.1
16.084236855050538,31,16.0551425133405,16.084236855050538;0.1
16.084236855050538,27,16.061296251454927,16.084236855050538;0.1
16.084236855050538,29,16.05835097663826,16.084236855050538;0.1
16.084236855050538,33,16.05697171819879,16.084236855050538;0.1
16.084236855050538,27,16.05597000990037,16.084236855050538;0.1
16.084236855050538,24,16.05805386422378,16.084236855050538;0.1
16.084236855050538,24,16.063638482928294,16.084236855050538;0.1
16.084236855050538,24,16.06453377993979,16.084236855050538;0.1
16.084236855050538,20,16.062359408302772,15.874383717080695;0.1
16.084236855050538,21,16.06332337387997,16.084236855050538;0.1
16.084236855050538,25,16.06250673316774,15.77066236524416;0.1
16.084236855050538,29,16.05910918570094,16.084236855050538;0.1
16.084236855050538,29,16.060190933670768,16.084236855050538;0.1
16.084236855050538,24,16.067798699748746,16.084236855050538;0.1
16.084236855050538,29,16.06232707907102,16.084236855050538;0.1
16.084236855050538,29,16.05969130766812,15.924648568892472;0.1
16.084236855050538,31,16.054467083747774,16.084236855050538;0.1
16.084236855050538,21,16.06741561877319,16.084236855050538;0.1
16.084236855050538,25,16.062247650574513,16.05837795445454;0.1
16.084236855050538,20,16.065091382088823,16.084236855050538;0.1
16.08426322296689,25,16.058440569951475,16.084236855050538;0.1
16.084236855050538,26,16.05838567628858,16.084236855050538;0.1
16.084236855050538,31,16.050466165724114,16.084236855050538;0.1
16.084236855050538,36,16.04638542014706,15.097886709463065;0.1
16.084236855050538,26,16.057969124388833,16.084236855050538;0.1
16.084236855050538,32,16.04964225695206,16.084236855050538;0.1
16.084236855050538,27,16.062869009966455,16.084236855050538;0.1
16.084236855050538,28,16.057372037418155,16.084236855050538;0.1
16.084236855050538,27,16.058761079832973,16.084236855050538;0.1
16.084236855050538,21,16.070707477309615,16.084236855050538;0.1
16.084236855050538,30,16.05112685368516,16.084236855050538;0.1
16.084236855050538,27,16.05483621676109,16.084236855050538;0.1
16.084236855050538,28,16.048584130761334,16.084236855050538;0.1
16.084236855050538,31,16.05320382909932,16.084236855050538;0.1
16.084236855050538,28,16.052530198081516,16.084236855050538;0.1
16.084236855050538,23,16.059001852172937,16.084236855050538;0.1
16.084236855050538,28,16.058374829718076,16.084236855050538;0.1
16.084236855050538,26,16.060461464083016,16.084236855050538;0.1
16.084236855050538,24,16.06374855030252,16.084236855050538;0.1
16.084236855050538,24,16.05735822237633,16.084236855050538;0.1
16.084236855050538,28,16.049310055944733,16.084236855050538;0.1
16.084236855050538,20,16.062309223769745,16.084236855050538;0.1
16.084236855050538,22,16.06756917528608,16.084236855050538;0.1
16.084236855050538,25,16.062863295335532,16.084236855050538;0.1
16.084236855050538,25,16.064089606676824,16.084236855050538;0.1
16.084236855050538,23,16.062634923966055,16.084236855050538;0.1
16.084236855050538,26,16.060984227462615,16.084236855050538;0.1
16.084236855050538,30,16.0565686490058,16.084236855050538;0.1
16.084236855050538,29,16.053891774949882,16.084236855050538;0.1
16.084236855050538,26,16.062936034326135,15.977648281483598;0.1
16.084236855050538,31,16.0549954918137,16.084236855050538;0.1
16.084236855050538,25,16.059976783566253,16.084236855050538;0.1
16.084236855050538,26,16.052158653128544,16.084236855050538;0.1
16.084236855050538,25,16.068437541861304,16.084236855050538;0.1
16.084236855050538,31,16.048653388863215,16.084236855050538;0.1
16.084236855050538,29,16.05162026027839,16.084236855050538;0.1
16.084236855050538,22,16.058828757823488,16.084236855050538;0.1
16.084236855050538,28,16.05425708312165,16.084236855050538;0.1
16.084236855050538,27,16.059657137553074,15.41061766832717;0.1
16.084236855050538,26,16.060892787943516,16.084236855050538;0.1
16.084236855050538,26,16.060330618995966,16.084236855050538;0.1
16.084236855050538,33,16.056532575752975,16.084236855050538;0.1
16.084236855050538,27,16.055982504622936,16.084236855050538;0.1
16.084236855050538,29,16.0547172453746,16.084236855050538;0.1
16.084236855050538,22,16.05887829388987,16.084236855050538;0.1
16.084236855050538,28,16.062403981958,16.084236855050538;0.1
16.084236855050538,29,16.05259066548155,16.084236855050538;0.1
16.084236855050538,31,16.05244501910812,16.084236855050538;0.1
16.084236855050538,28,16.052980569274393,16.084236855050538;0.1
16.084236855050538,27,16.057308071491484,14.157704333367857;0.1
16.084236855050538,21,16.06901595690688,15.710606687282922;0.1
16.084236855050538,21,16.064354985145883,16.084236855050538;0.1
16.084236855050538,27,16.059260274493383,15.500693812937199;0.1
16.084236855050538,23,16.063995436436638,15.535235564126422;0.1
16.084236855050538,20,16.068669984748745,16.084236855050538;0.1
16.084236855050538,22,16.068859578386437,16.084236855050538;0.1
16.084236855050538,28,16.059154185796896,16.084236855050538;0.1
16.084236855050538,30,16.056132295046595,16.084236855050538;0.1
16.084236855050538,36,16.049442516905117,16.084236855050538;0.1
16.084236855050538,30,16.046136475374627,16.084236855050538;0.1
16.084236855050538,25,16.06090925210362,16.084236855050538;0.1
16.084236855050538,23,16.061353627746094,16.084236855050538;0.1
16.084236855050538,25,16.05694414982361,16.084236855050538;0.1
16.084236855050538,29,16.06273879358979,16.084236855050538;0.1
16.084236855050538,27,16.05548977330357,16.084236855050538;0.1
16.084236855050538,24,16.06072786350617,16.084236855050538;0.1
16.084236855050538,30,16.053724555662605,16.084236855050538;0.1
16.084236855050538,24,16.06223709053285,15.559618682285196;0.1
16.084236855050538,24,16.05723391534823,16.084236855050538;0.1
16.084236855050538,24,16.064521887632118,16.084236855050538;0.1
16.084236855050538,22,16.055193891464757,16.084236855050538;0.1
16.084236855050538,20,16.06753406040339,16.084236855050538;0.1
16.084236855050538,25,16.060150870835184,16.084236855050538;0.1
16.084236855050538,22,16.056470268684294,16.084236855050538;0.1
16.084236855050538,30,16.041657498023927,16.084236855050538;0.1
16.084236855050538,18,16.073593697433495,16.084236855050538;0.1
16.084236855050538,24,16.062673497511824,16.084236855050538;0.1
16.084236855050538,23,16.061065198748864,16.084236855050538;0.1
16.084236855050538,31,16.056457282353342,16.084236855050538;0.1
16.084236855050538,31,16.053815392322058,16.084236855050538;0.1
16.084236855050538,27,16.058667213259106,16.084236855050538;0.1
16.084236855050538,28,16.058091824175396,16.084236855050538;0.1
16.084236855050538,28,16.06156566572316,16.084236855050538;0.1
16.084236855050538,29,16.046960485565503,16.084236855050538;0.1
16.084236855050538,26,16.054597739246894,16.084236855050538;0.1
16.084236855050538,29,16.056309642018707,16.084236855050538;0.1
16.084236855050538,35,16.049318267075343,16.084236855050538;0.1
16.084236855050538,31,16.051980381988443,16.084236855050538;0.1
16.084236855050538,24,16.0515650973195,16.084236855050538;0.1
16.084271191273412,24,16.063504692138682,16.084236855050538;0.1
16.084236855050538,26,16.061243422144184,16.084236855050538;0.1
16.084236855050538,23,16.059661199954625,16.084236855050538;0.1
16.084236855050538,23,16.052906896269036,16.084236855050538;0.1
16.084236855050538,25,16.059596298000844,16.084236855050538;0.1
16.084236855050538,26,16.053776143586866,16.084236855050538;0.1
16.084236855050538,27,16.06094038769275,16.084236855050538;0.1
16.084236855050538,28,16.05625370119051,16.084236855050538;0.1
16.084236855050538,25,16.060191253268954,16.084236855050538;0.1
16.084236855050538,27,16.060283223633146,16.084236855050538;0.1
16.084236855050538,32,16.05362298759877,15.803738055622887;0.1
16.084236855050538,27,16.05145631170482,16.084236855050538;0.1
16.084236855050538,18,16.069002395633483,16.084236855050538;0.1
16.084236855050538,27,16.058031696729188,16.084236855050538;0.1
16.084236855050538,28,16.052206366324118,16.084236855050538;0.1
16.084236855050538,22,16.06773231368352,16.084236855050538;0.1
16.084236855050538,31,16.052047861440503,16.084236855050538;0.1
16.084236855050538,22,16.06093664748997,16.084236855050538;0.1
16.084236855050538,16,16.064927479996783,15.710606687282922;0.1
16.084236855050538,25,16.055009666105153,16.084236855050538;0.1
16.084236855050538,17,16.065082898463274,16.084236855050538;0.1
16.084236855050538,23,16.063657226059625,16.084236855050538;0.1
16.084236855050538,23,16.06428814099406,16.084236855050538;0.1
16.084236855050538,29,16.059137760636762,16.084236855050538;0.1
16.084236855050538,29,16.04982294012426,16.084236855050538;0.1
16.084236855050538,30,16.054232993434194,16.084236855050538;0.1
16.084236855050538,26,16.059633261783922,16.084236855050538;0.1
16.084236855050538,32,16.05145336435996,16.084236855050538;0.1
16.084236855050538,26,16.06339563937548,16.084236855050538;0.1
16.084236855050538,18,16.065551338594567,16.084236855050538;0.1
16.084236855050538,27,16.05326497682668,15.546795216201026;0.1
16.084236855050538,29,16.05280219467942,16.084236855050538;0.1
16.084236855050538,27,16.06192001982356,16.084236855050538;0.1
16.084236855050538,34,16.045385095425893,16.084236855050538;0.1
16.084236855050538,33,16.052380933986427,16.084236855050538;0.1
16.084236855050538,23,16.065658048816402,16.084236855050538;0.1
16.084236855050538,22,16.067510266697976,16.084236855050538;0.1
16.084236855050538,32,16.052148357317733,16.084236855050538;0.1
16.084236855050538,29,16.051252790754525,16.084236855050538;0.1
16.084236855050538,27,16.065387457113623,16.084236855050538;0.1
16.084236855050538,28,16.057574783923425,16.084236855050538;0.1
16.084236855050538,24,16.066359755153194,16.084236855050538;0.1
16.084236855050538,25,16.06561965615491,16.084236855050538;0.1
16.084236855050538,28,16.060539814363604,16.084236855050538;0.1
16.084236855050538,18,16.072005288523798,16.084236855050538;0.1
16.084236855050538,28,16.05038173057625,16.084236855050538;0.1
16.084236855050538,26,16.056590344979053,16.084236855050538;0.1
16.084236855050538,31,16.052278984809483,16.084236855050538;0.1
16.084236855050538,29,16.051742173812414,16.084236855050538;0.1
16.084236855050538,29,16.055624682401607,16.084236855050538;0.1
16.084236855050538,28,16.05810275023904,16.084236855050538;0.1
16.084236855050538,26,16.060106773297694,16.084236855050538;0.1
16.084236855050538,31,16.05688380523211,16.084236855050538;0.1
16.084236855050538,35,16.050122648491428,16.084236855050538;0.1
16.084236855050538,28,16.058640728424944,16.084236855050538;0.1
16.084236855050538,30,16.058879958965957,16.084236855050538;0.1
16.084236855050538,22,16.059215126008727,16.084236855050538;0.1
16.084236855050538,27,16.05830887355968,13.56745482843291;0.1
16.084236855050538,32,16.056272896914493,16.084236855050538;0.1
16.084236855050538,31,16.052380704526996,16.084236855050538;0.1
16.084236855050538,24,16.065577321520994,16.084236855050538;0.1
16.084236855050538,19,16.06905123707182,16.084236855050538;0.1
16.084236855050538,27,16.05930707270921,15.786141105449152;0.1
16.084236855050538,27,16.054099514240555,16.084236855050538;0.1
16.084236855050538,32,16.056184313561783,16.084236855050538;0.1
16.084236855050538,33,16.054763450475768,16.084236855050538;0.1
16.084236855050538,27,16.064758943539417,15.911454605477854;0.1
16.084236855050538,22,16.059693832687525,16.084236855050538;0.1
16.084236855050538,24,16.064855314569005,16.084236855050538;0.1
16.084236855050538,26,16.0639656409425,16.084236855050538;0.1
16.084236855050538,29,16.06095726194753,15.977648281483598;0.1
16.084236855050538,32,16.04934856442423,16.084236855050538;0.1
16.084236855050538,41,16.044264374452798,16.084236855050538;0.1
16.084236855050538,29,16.056036413465307,16.084236855050538;0.1
16.084236855050538,24,16.06066288618882,16.084236855050538;0.1
16.084236855050538,23,16.058016064956586,16.084236855050538;0.1
16.084236855050538,30,16.04812655717019,15.977648281483598;0.1
16.084236855050538,29,16.052526806240905,16.084236855050538;0.1
16.084236855050538,32,16.056253650252767,16.084236855050538;0.1
16.084236855050538,33,16.06029106533111,16.084236855050538;0.1
16.084236855050538,29,16.061835759214645,16.084236855050538;0.1
16.084291561231353,29,16.058751147000187,16.084236855050538;0.1
16.084291561231353,27,16.06250450264197,16.084236855050538;0.1
16.084291561231353,29,16.054138103915594,16.084236855050538;0.1
16.084291561231353,29,16.064079302677598,16.084236855050538;0.1
16.084291561231353,33,16.04096717034641,16.084236855050538;0.1
16.084291561231353,35,16.051915726197997,16.084236855050538;0.1
16.084291561231353,29,16.05713424791961,14.843279217684838;0.1
16.084291561231353,23,16.060414066443283,16.084236855050538;0.1
16.084291561231353,27,16.057396915548317,16.084236855050538;0.1
16.084291561231353,25,16.066407131809324,16.084236855050538;0.1
16.084291561231353,31,16.05498730808106,14.145784880274991;0.1
16.084291561231353,29,16.056494862867208,16.084236855050538;0.1
16.084291561231353,29,16.058283054986575,16.047889446397335;0.1
16.084291561231353,28,16.0503331958578,16.084236855050538;0.1
16.084291561231353,27,16.054977634583896,16.084236855050538;0.1
16.084291561231353,31,16.061805405216095,16.084236855050538;0.1
16.084291561231353,35,16.050287614595025,16.084236855050538;0.1
16.084291561231353,26,16.06402453854949,15.77066236524416;0.1
16.084291561231353,27,16.064946536896283,15.635847932660537;0.1
16.084291561231353,31,16.05920632042399,16.084236855050538;0.1
16.084291561231353,26,16.064171493250225,16.084236855050538;0.1
16.084291561231353,29,16.06582261980502,16.084236855050538;0.1
16.084291561231353,30,16.058194578179485,15.710606687282922;0.1
16.084291561231353,24,16.053737861810454,16.084236855050538;0.1
16.084291561231353,22,16.066187010872525,16.084236855050538;0.1
16.084291561231353,29,16.060043498020633,16.084236855050538;0.1
16.084291561231353,31,16.05781899145862,16.084236855050538;0.1
16.084291561231353,31,16.061923483144916,15.430132159157615;0.1
16.084291561231353,21,16.069635671914074,16.084236855050538;0.1
16.084291561231353,32,16.060256258833807,16.084236855050538;0.1
16.084291561231353,32,16.059687413699326,16.084236855050538;0.1
16.084291561231353,31,16.06345030597108,16.084236855050538;0.1
16.084291561231353,30,16.062170692014337,16.084236855050538;0.1
16.084291561231353,33,16.06373613322418,16.084236855050538;0.1
16.084291561231353,36,16.053434329860128,16.084236855050538;0.1
16.084291561231353,30,16.06072257293739,16.084236855050538;0.1
16.084291561231353,27,16.06446101152379,16.084236855050538;0.1
16.084291561231353,28,16.05582827428456,16.084236855050538;0.1
16.084291561231353,29,16.05648407031127,16.084236855050538;0.1
16.084291561231353,27,16.062358755161977,16.084236855050538;0.1
16.084291561231353,30,16.066186063385622,16.084236855050538;0.1
16.084291561231353,26,16.06307310537003,16.084236855050538;0.1
16.084291561231353,24,16.0588584507343,16.084236855050538;0.1
16.084291561231353,25,16.063852836372572,16.084236855050538;0.1
16.084291561231353,31,16.052387442471108,16.084236855050538;0.1
16.084291561231353,31,16.052795769698044,16.084236855050538;0.1
16.084291561231353,29,16.059802299072455,16.084291561231353;0.1
16.084291561231353,30,16.058430593562036,15.874438743900797;0.1
16.084291561231353,34,16.05350798541653,16.084291561231353;0.1
16.084291561231353,31,16.063715897679376,16.084236855050538;0.1
16.084291561231353,28,16.06375947587289,16.084236855050538;0.1
16.084291561231353,27,16.06697135253773,16.084291561231353;0.1
16.084291561231353,26,16.064308023064644,16.084291561231353;0.1
16.084291561231353,27,16.056819682891895,16.084291561231353;0.1
16.084291561231353,30,16.052171577416498,16.084291561231353;0.1
16.084291561231353,31,16.049466988150524,16.084291561231353;0.1
16.084291561231353,29,16.048949710203402,15.635897940647652;0.1
16.084291561231353,27,16.06510175001062,16.084236855050538;0.1
16.084291561231353,27,16.06290193526819,16.084291561231353;0.1
16.084291561231353,31,16.04573431018667,16.084291561231353;0.1
16.084291561231353,19,16.062459518481504,16.084291561231353;0.1
16.084291561231353,26,16.059136173548243,16.084291561231353;0.1
16.084291561231353,24,16.058784271668234,16.084291561231353;0.1
16.084291561231353,32,16.044181880384443,16.084291561231353;0.1
16.084291561231353,23,16.067122696468196,16.084291561231353;0.1
16.084291561231353,26,16.05892242818912,16.084291561231353;0.1
16.084291561231353,22,16.056776741497366,16.084291561231353;0.1
16.084291561231353,22,16.065915555245276,16.084291561231353;0.1
16.084291561231353,23,16.067430247708586,16.084291561231353;0.1
16.084291561231353,26,16.065429537934023,16.084291561231353;0.1
16.084291561231353,27,16.05827622748941,16.084291561231353;0.1
16.084291561231353,31,16.05889370979756,16.084291561231353;0.1
16.084291561231353,17,16.068064484466348,16.084291561231353;0.1
16.084291561231353,21,16.060320349167505,16.084291561231353;0.1
16.084291561231353,28,16.051806758717696,16.084291561231353;0.1
16.084291561231353,25,16.062532341850112,16.084291561231353;0.1
16.084291561231353,27,16.059853236410536,16.084291561231353;0.1
16.084291561231353,23,16.05963792894745,16.084291561231353;0.1
16.084291561231353,28,16.05929196059334,16.084291561231353;0.1
16.084291561231353,21,16.066691796530886,16.084291561231353;0.1
16.084291561231353,25,16.066256360934293,16.084291561231353;0.1
16.084291561231353,25,16.05781370874793,15.304795303698315;0.1
16.084291561231353,21,16.059870656808364,16.084291561231353;0.1
16.084291561231353,23,16.063050192011147,16.084291561231353;0.1
16.084291561231353,21,16.065752188642023,15.51639316126278;0.1
16.084291561231353,25,16.059222260143876,16.084291561231353;0.1
16.084291561231353,26,16.055720909248397,16.084291561231353;0.1
16.084291561231353,24,16.052631031004516,16.084291561231353;0.1
16.084291561231353,23,16.05810409108349,16.084291561231353;0.1
16.084291561231353,29,16.052935351348108,16.084291561231353;0.1
16.084291561231353,33,16.048188007068806,16.084291561231353;0.1
16.084291561231353,29,16.062285778543284,16.084291561231353;0.1
16.084291561231353,20,16.06684870783653,16.084291561231353;0.1
16.084291561231353,26,16.05547304686477,16.084291561231353;0.1
16.084291561231353,32,16.051027087358076,16.084291561231353;0.1
16.084291561231353,26,16.058154060857706,16.084291561231353;0.1
16.084291561231353,23,16.06011004778858,15.802949369301825;0.1
16.084291561231353,25,16.06353338546813,16.084291561231353;0.1
16.084291561231353,27,16.053719310650887,16.084291561231353;0.1
16.084291561231353,25,16.05652985715508,16.084291561231353;0.1
16.084291561231353,20,16.063607351252376,16.084291561231353;0.1
16.084291561231353,23,16.06283104909603,16.084291561231353;0.1
16.084291561231353,26,16.05947831486502,16.084291561231353;0.1
16.084291561231353,27,16.055093460082304,16.084291561231353;0.1
16.084291561231353,31,16.049728997240358,16.084291561231353;0.1
16.084291561231353,33,16.051816171275586,16.084291561231353;0.1
16.084291561231353,27,16.060292452675625,16.084291561231353;0.1
16.084291561231353,24,16.06131457111532,16.084291561231353;0.1
16.084291561231353,25,16.05383769498577,16.084291561231353;0.1
16.084291561231353,27,16.05253343867914,14.687796113538083;0.1
16.084291561231353,22,16.063167803848504,15.802949369301825;0.1
16.084291561231353,26,16.054736805607746,15.77071444324501;0.1
16.084291561231353,22,16.0619459834813,16.084291561231353;0.1
16.084291561231353,26,16.053515559921557,16.084291561231353;0.1
16.084291561231353,26,16.05887407741529,16.084291561231353;0.1
16.084291561231353,23,16.059477539103735,16.084291561231353;0.1
16.084291561231353,21,16.06728541569067,16.084291561231353;0.1
16.084291561231353,17,16.06728883348891,16.084291561231353;0.1
16.084291561231353,22,16.064199461775832,16.084291561231353;0.1
16.084291561231353,20,16.063833284438648,16.084291561231353;0.1
16.084291561231353,23,16.059488165310995,16.084291561231353;0.1
16.084291561231353,22,16.06779929365082,16.084291561231353;0.1
16.084291561231353,31,16.047791296649017,16.084291561231353;0.1
16.084291561231353,32,16.051930948823365,16.084291561231353;0.1
16.084291561231353,31,16.045471631902146,16.084291561231353;0.1
16.084291561231353,30,16.052961921493182,16.084291561231353;0.1
16.084291561231353,30,16.052686294597116,16.084291561231353;0.1
16.084291561231353,19,16.065485791100716,16.084291561231353;0.1
16.084291561231353,28,16.052835627484537,16.084291561231353;0.1
16.084291561231353,26,16.062664090679494,16.084291561231353;0.1
16.084291561231353,29,16.059281878725486,15.559666784302834;0.1
16.084291561231353,27,16.058879893581686,16.084291561231353;0.1
16.084291561231353,20,16.061574984921755,15.559666784302834;0.1
16.084291561231353,23,16.062239524142075,16.084291561231353;0.1
16.084291561231353,21,16.062732539548183,14.211501221578327;0.1
16.084291561231353,27,16.050412268765136,16.084291561231353;0.1
16.084291561231353,25,16.06480896787386,16.084291561231353;0.1
16.084291561231353,26,16.058811817256547,16.084291561231353;0.1
16.084291561231353,31,16.059067848236502,15.977703794539094;0.1
16.084291561231353,31,16.053188598429387,16.084291561231353;0.1
16.084291561231353,31,16.046565095903446,16.084291561231353;0.1
16.084291561231353,36,16.05060566198346,16.084291561231353;0.1
16.084291561231353,30,16.051111933764705,16.084291561231353;0.1
16.084291561231353,26,16.055700013932842,16.084291561231353;0.1
16.084291561231353,29,16.054612754584124,16.084291561231353;0.1
16.084291561231353,23,16.063735445518716,16.084291561231353;0.1
16.084291561231353,24,16.06417266366564,16.084291561231353;0.1
16.084291561231353,26,16.059582693119495,16.084291561231353;0.1
16.084291561231353,34,16.052635980025467,16.084291561231353;0.1
16.084291561231353,28,16.052440284818882,16.084291561231353;0.1
16.084291561231353,23,16.059047153554257,16.084291561231353;0.1
16.084291561231353,22,16.054802767451086,16.084291561231353;0.1
16.084291561231353,22,16.069483217828644,16.084291561231353;0.1
16.084291561231353,23,16.06464974564826,16.084291561231353;0.1
16.084291561231353,26,16.060610899226518,16.084291561231353;0.1
16.084291561231353,28,16.063335855028427,16.084291561231353;0.1
16.084291561231353,25,16.06415533138034,16.084291561231353;0.1
16.084291561231353,25,16.059662013919525,16.084291561231353;0.1
16.084291561231353,35,16.04484126893489,16.084291561231353;0.1
16.084291561231353,29,16.053583352417075,16.084291561231353;0.1
16.084291561231353,25,16.06023898202843,16.084291561231353;0.1
16.084291561231353,28,16.05744377900675,16.084291561231353;0.1
16.084291561231353,31,16.04783218581268,16.084291561231353;0.1
16.084291561231353,31,16.051411941609025,16.084291561231353;0.1
16.084291561231353,29,16.05324594458822,16.084291561231353;0.1
16.084291561231353,25,16.063738366696697,16.084291561231353;0.1
16.084291561231353,22,16.058131753913727,16.084291561231353;0.1
16.084291561231353,25,16.063618221191568,16.084291561231353;0.1
16.084291561231353,27,16.054947334888226,16.084291561231353;0.1
16.084291561231353,26,16.06315884962376,16.084291561231353;0.1
16.084291561231353,23,16.06686032784724,16.084291561231353;0.1
16.084291561231353,31,16.06072412313374,16.084291561231353;0.1
16.084291987206647,32,16.05314976201388,16.084291561231353;0.1
16.084291987206647,32,16.057314279823096,15.51639316126278;0.1
16.084291561231353,28,16.05975313520956,16.084291561231353;0.1
16.084291561231353,30,16.049940182843102,16.084291561231353;0.1
16.084291561231353,32,16.05284832394363,16.084291561231353;0.1
16.084291561231353,26,16.059899966108464,16.084291561231353;0.1
16.084291561231353,25,16.05698912059516,16.084291561231353;0.1
16.084291561231353,23,16.064247778768934,16.084291561231353;0.1
16.084291561231353,32,16.052072438321357,16.084291561231353;0.1
16.084291561231353,23,16.06710277824006,13.403951791803248;0.1
16.084291561231353,20,16.06456522062584,16.084291561231353;0.1
16.084291561231353,22,16.058648547765383,16.084291561231353;0.1
16.084291561231353,25,16.057512014670987,16.084291561231353;0.1
16.084291561231353,24,16.059365300094807,16.084291561231353;0.1
16.084291561231353,23,16.06556698608285,16.084291561231353;0.1
16.084291561231353,26,16.060308614415582,16.084291561231353;0.1
16.084291561231353,22,16.063394942707593,15.51639316126278;0.1
16.084291561231353,28,16.05168612571665,16.084291561231353;0.1
16.084291561231353,24,16.059500205207076,16.084291561231353;0.1
16.084291561231353,22,16.065381199166005,16.084291561231353;0.1
16.084291561231353,28,16.054707726187317,16.084291561231353;0.1
16.084291561231353,23,16.06600687529849,16.084291561231353;0.1
16.084291561231353,35,16.050806859236022,16.084291561231353;0.1
16.084291561231353,30,16.05992549625265,16.084291561231353;0.1
16.084291561231353,35,16.04814562181537,15.710658836119986;0.1
16.084291561231353,21,16.057736790744784,16.084291561231353;0.1
16.084291561231353,26,16.05931165532478,16.084291561231353;0.1
16.084291561231353,27,16.057683573107695,16.084291561231353;0.1
16.084291561231353,28,16.049382079880015,16.084291561231353;0.1
16.084291561231353,20,16.059417170768032,16.084291561231353;0.1
16.084291561231353,21,16.068047554935152,16.084291561231353;0.1
16.084291561231353,22,16.05798353961471,16.084291561231353;0.1
16.084291561231353,27,16.054595276830966,16.084291561231353;0.1
16.084291561231353,31,16.055585184441746,16.084291561231353;0.1
16.084291561231353,32,16.04418705543017,16.084291561231353;0.1
16.084291561231353,27,16.061367513244274,16.084291561231353;0.1
16.084291561231353,26,16.059846931970622,16.084291561231353;0.1
16.084291561231353,24,16.069217062013955,16.084291561231353;0.1
16.084291561231353,28,16.056250147595303,16.084291561231353;0.1
16.084291561231353,27,16.05922661519902,16.084291561231353;0.1
16.084291561231353,24,16.064053561174163,16.084291561231353;0.1
16.084291561231353,21,16.060340106188722,16.084291561231353;0.1
16.084291561231353,24,16.05946042122245,16.084291561231353;0.1
16.084291561231353,19,16.066107009117303,16.084291561231353;0.1
16.084291561231353,28,16.062485114758896,16.084291561231353;0.1
16.084291561231353,25,16.06501125431936,15.554497045113788;0.1
16.084291561231353,24,16.062801540211964,16.084291561231353;0.1
16.084291561231353,29,16.05466807214554,16.084291561231353;0.1
16.084291561231353,21,16.068484450398973,16.084291561231353;0.1
16.084291561231353,31,16.055698129427427,16.084291561231353;0.1
16.084291561231353,25,16.059871736585972,16.084291561231353;0.1
16.084291561231353,20,16.059326240428405,16.084291561231353;0.1
16.084291561231353,23,16.05561453214027,16.084291561231353;0.1
16.084291561231353,22,16.06360803247725,16.084291561231353;0.1
16.084291561231353,28,16.05872278326252,16.084291561231353;0.1
16.084291561231353,23,16.065492418539886,16.084291561231353;0.1
16.084291561231353,24,16.062153469043963,16.084291561231353;0.1
16.084291561231353,30,16.05686330393105,16.084291561231353;0.1
16.084291561231353,26,16.067595446352673,16.084291561231353;0.1
16.084291561231353,27,16.061778345724097,16.084291561231353;0.1
16.084291561231353,39,16.047581513198665,16.084291561231353;0.1
16.084291561231353,33,16.048452260034612,16.084291561231353;0.1
16.084291561231353,33,16.055099783614434,16.084291561231353;0.1
16.084291561231353,27,16.0555582951637,16.084291561231353;0.1
16.084291561231353,29,16.05374397280778,16.084291561231353;0.1
16.084291561231353,22,16.05777065617775,16.084291561231353;0.1
16.084291561231353,27,16.0608041309269,16.084291561231353;0.1
16.084291561231353,26,16.063283229694502,16.084291561231353;0.1
16.084291561231353,29,16.0565970721282,16.084291561231353;0.1
16.084291561231353,24,16.058370163440713,16.084291561231353;0.1
16.084291561231353,23,16.06262315359398,16.084291561231353;0.1
16.084291561231353,34,16.05974287307368,15.740326443208094;0.1
16.084291561231353,32,16.050631815801285,16.084291561231353;0.1
16.084291561231353,22,16.069118180093874,16.084291561231353;0.1
16.084291561231353,23,16.070072748629652,16.084291561231353;0.1
16.084291561231353,26,16.065471873194497,16.084291561231353;0.1
16.084291561231353,34,16.053450842924004,16.084291561231353;0.1
16.084291561231353,28,16.058977522625316,16.084291561231353;0.1
16.084291561231353,24,16.05950339924486,16.084291561231353;0.1
16.084291561231353,30,16.0575659678967,16.084291561231353;0.1
16.084291561231353,28,16.06054411885231,16.084291561231353;0.1
16.084291561231353,32,16.053689919112326,16.084291561231353;0.1
16.084291561231353,24,16.061898835227204,16.084291561231353;0.1
16.084291561231353,28,16.0520056480035,16.084291561231353;0.1
16.084291561231353,20,16.06776078785773,16.084291561231353;0.1
16.084291561231353,23,16.060367798913198,16.084291561231353;0.1
16.084291561231353,26,16.063542558141673,16.084291561231353;0.1
16.084291561231353,27,16.055851413565197,16.084291561231353;0.1
16.084291561231353,29,16.052873586271406,16.084291561231353;0.1
16.084291561231353,28,16.056036786320448,15.598522067651912;0.1
16.084291561231353,22,16.060927075386843,14.481478754869533;0.1
16.084291561231353,24,16.058969559613097,16.084291561231353;0.1
16.084291561231353,26,16.057173447752156,16.084291561231353;0.1
16.084291561231353,30,16.056523342912392,16.084291561231353;0.1
16.084291561231353,23,16.060168989168883,16.084291561231353;0.1
16.084291561231353,25,16.061904177236542,16.084291561231353;0.1
16.084291561231353,22,16.063636604880788,16.084291561231353;0.1
16.084291561231353,20,16.067274906267503,16.084291561231353;0.1
16.084291561231353,25,16.058860626746338,16.084291561231353;0.1
16.084291561231353,21,16.067975046435695,15.554497045113788;0.1
16.084291561231353,29,16.061778272600343,16.084291561231353;0.1
16.084291561231353,33,16.053988960175683,16.084291561231353;0.1
16.084291561231353,31,16.05196270664756,16.084291561231353;0.1
16.084291561231353,30,16.056270109492147,16.084291561231353;0.1
16.084291561231353,25,16.067268352472286,16.084291561231353;0.1
16.084291561231353,25,16.061214363453143,16.084291561231353;0.1
16.084291561231353,31,16.059447643464445,16.084291561231353;0.1
16.084291561231353,20,16.064204200762262,16.084291561231353;0.1
16.084291561231353,24,16.062824158023254,16.084291561231353;0.1
16.084291561231353,25,16.065121290635417,16.084291561231353;0.1
16.084291561231353,28,16.056144720413496,16.084291561231353;0.1
16.084291561231353,26,16.058275750031424,16.084291561231353;0.1
16.084291561231353,29,16.051514465810175,16.084291561231353;0.1
16.084291561231353,26,16.055757912534943,16.084291561231353;0.1
16.084291561231353,27,16.05529791425171,16.084291561231353;0.1
16.084291561231353,25,16.057939238748254,16.084291561231353;0.1
16.084291561231353,27,16.0601858229079,16.084291561231353;0.1
16.084291561231353,21,16.067184804403635,16.084291561231353;0.1
16.084291561231353,21,16.066927370823837,16.084291561231353;0.1
16.084291561231353,21,16.060874445703906,16.084291561231353;0.1
16.084291561231353,27,16.061594835442694,16.084291561231353;0.1
16.084291561231353,28,16.053846202496924,16.084291561231353;0.1
16.084291561231353,28,16.05684038359403,15.77071444324501;0.1
16.084291561231353,24,16.062174552092657,16.084291561231353;0.1
16.084291561231353,25,16.060105948213174,16.084291561231353;0.1
16.084291561231353,18,16.067349773162363,16.084291561231353;0.1
16.084291561231353,26,16.058150124262237,16.084291561231353;0.1
16.084291561231353,29,16.05765119084228,16.084291561231353;0.1
16.084291561231353,30,16.060214929411035,16.084291561231353;0.1
16.084291561231353,28,16.063303133922876,16.008773099362216;0.1
16.084291561231353,32,16.05051996394415,16.084291561231353;0.1
16.084291561231353,22,16.06454103768068,16.084291561231353;0.1
16.084291561231353,23,16.059916117490836,16.084291561231353;0.1
16.084291561231353,30,16.056080827278052,16.084291561231353;0.1
16.084291561231353,25,16.060872927794016,16.084291561231353;0.1
16.084291561231353,27,16.05332842660903,16.084291561231353;0.1
16.084291561231353,27,16.05681237621383,16.084291561231353;0.1
16.084291561231353,25,16.05276381470296,16.084291561231353;0.1
16.084291561231353,25,16.056404965375442,16.084291561231353;0.1
16.084291561231353,32,16.052466327844076,16.084291561231353;0.1
16.084291561231353,24,16.062505681639777,16.084291561231353;0.1
16.084291561231353,18,16.062984228241486,16.084291561231353;0.1
16.084291561231353,18,16.06620219052423,16.084291561231353;0.1
16.084291561231353,27,16.059860688260617,16.084291561231353;0.1
16.084291561231353,23,16.062022561121623,16.084291561231353;0.1
16.084291561231353,26,16.054437488135115,16.084291561231353;0.1
16.084291561231353,25,16.063162653613198,15.986998557332477;0.1
16.084291561231353,27,16.064847899959968,16.084291561231353;0.1
16.084291561231353,24,16.053349654943485,16.084291561231353;0.1
16.084291561231353,23,16.063090044254317,16.084291561231353;0.1
16.084291561231353,28,16.06148921249982,16.084291561231353;0.1
16.084291561231353,26,16.05848399116002,16.084291561231353;0.1
16.084291561231353,27,16.06260146515877,16.084291561231353;0.1
16.084291561231353,26,16.05981915186829,16.084291561231353;0.1
16.084291561231353,20,16.061510160751027,16.084291561231353;0.1
16.084291561231353,22,16.059717804387024,16.084291561231353;0.1
16.084291561231353,24,16.060659216677795,15.91150643840079;0.1
16.084291561231353,18,16.064602271664167,16.084291561231353;0.1
16.084291561231353,28,16.05568554615809,16.084291561231353;0.1
16.084291561231353,24,16.067481315948147,16.084291561231353;0.1
16.084291561231353,28,16.05329325255586,16.084291561231353;0.1
16.084291561231353,27,16.062720430506303,15.715831272251595;0.1
16.084291561231353,24,16.057849195885247,16.084291561231353;0.1
16.084291561231353,23,16.06141177510063,15.802949369301825;0.1
16.084291561231353,25,16.060643751987236,16.084291561231353;0.1
16.084291561231353,28,16.0594536992943,16.084291561231353;0.1
16.084291561231353,27,16.06349778867917,16.084291561231353;0.1
16.084291561231353,29,16.066737543615957,16.084291561231353;0.1
16.084291561231353,27,16.053167563048344,16.084291561231353;0.1
16.084291561231353,31,16.05603990688875,16.084291561231353;0.1
16.084291561231353,31,16.056475593595458,15.715831272251595;0.1
16.084291561231353,30,16.05487378416188,16.084291561231353;0.1
16.084291561231353,26,16.049426432293934,16.084291561231353;0.1
16.084291561231353,20,16.066707804216044,16.084291561231353;0.1
16.084291561231353,19,16.07006071126354,16.084291561231353;0.1
16.084291561231353,22,16.058413807720502,16.084291561231353;0.1
16.084291561231353,22,16.0657214650613,16.084291561231353;0.1
16.084291561231353,31,16.057229480928957,16.084291561231353;0.1
16.084291561231353,24,16.053705749489538,16.084291561231353;0.1
16.084291561231353,30,16.055227988380334,16.084291561231353;0.1
16.084291561231353,26,16.053942782088257,16.084291561231353;0.1
16.084291561231353,26,16.06112361438373,16.084291561231353;0.1
16.084291561231353,28,16.058512838470552,14.95649422728475;0.1
16.084291561231353,27,16.055008048435344,16.084291561231353;0.1
16.084291561231353,25,16.05399887991759,16.084291561231353;0.1
16.084291561231353,23,16.058807583804704,16.084291561231353;0.1
16.084291561231353,23,16.062285131665128,16.084291561231353;0.1
16.084291561231353,25,16.061423860097413,16.084291561231353;0.1
16.084291561231353,23,16.06678847216242,16.084291561231353;0.1
16.084291561231353,29,16.056379706600254,16.084291561231353;0.1
16.084291561231353,23,16.063518677308142,16.084291561231353;0.1
16.084291561231353,26,16.05295221472594,16.084291561231353;0.1
16.084291561231353,22,16.061848758116405,16.084291561231353;0.1
16.084291561231353,22,16.063195925700118,16.084291561231353;0.1
16.084291561231353,20,16.069443931276126,16.084291561231353;0.1
16.084291561231353,20,16.064960455660206,16.084291561231353;0.1
16.084291561231353,23,16.063875134741096,16.084291561231353;0.1
16.084291561231353,24,16.059978819916992,16.084291561231353;0.1
16.084291561231353,20,16.068650888629776,16.084291561231353;0.1
16.084291561231353,26,16.057268855256755,16.084291561231353;0.1
16.084291561231353,34,16.054962654791847,16.084291561231353;0.1
16.084291561231353,29,16.05292702018678,16.084291561231353;0.1
16.084291561231353,27,16.056315161031577,15.977703794539094;0.1
16.084291561231353,27,16.057962953064006,16.084291561231353;0.1
16.084291561231353,22,16.063023291661075,16.084291561231353;0.1
16.084291561231353,28,16.055597839527074,16.084291561231353;0.1
16.084291561231353,23,16.066789761024815,16.084291561231353;0.1
16.084291561231353,26,16.056055928103536,16.084291561231353;0.1
16.084291561231353,23,16.06642947650941,16.084291561231353;0.1
16.084291561231353,21,16.06363626051904,16.084291561231353;0.1
16.084291561231353,29,16.048943059871974,16.084291561231353;0.1
16.084291561231353,27,16.060134941852777,16.084291561231353;0.1
16.084291561231353,28,16.059299406721014,16.084291561231353;0.1
16.084291561231353,23,16.05869516411645,16.084291561231353;0.1
16.084291561231353,25,16.06105194016852,16.084291561231353;0.1
16.084291561231353,24,16.063970376583946,16.084291561231353;0.1
16.084291561231353,24,16.060973111770558,16.084291561231353;0.1
16.084291561231353,25,16.06307190621011,16.084291561231353;0.1
16.084291561231353,30,16.053978197033828,16.084291561231353;0.1
16.084291561231353,18,16.07173100683125,16.084291561231353;0.1
16.084291561231353,22,16.06180200472024,16.084291561231353;0.1
16.084291561231353,25,16.06101449261936,16.084291561231353;0.1
16.084291561231353,26,16.066400439124763,16.084291561231353;0.1
16.084291561231353,25,16.058213575559133,16.084291561231353;0.1
16.084291561231353,25,16.05641156400639,16.084291561231353;0.1
16.084291561231353,31,16.052419437321458,16.084291561231353;0.1
16.084291561231353,22,16.063743408235673,16.084291561231353;0.1
16.084291561231353,29,16.06356943932854,15.554497045113788;0.1
16.084291561231353,25,16.060765689750852,15.51639316126278;0.1
16.084291561231353,27,16.05859881470871,16.084291561231353;0.1
16.084291561231353,32,16.054051027259028,16.084291561231353;0.1
16.084291561231353,28,16.062586414403498,16.084291561231353;0.1
16.084291561231353,25,16.062231644967255,16.084291561231353;0.1
16.084291561231353,27,16.059475654854474,16.084291561231353;0.1
16.084291561231353,24,16.058565817655808,16.084291561231353;0.1
16.084291561231353,28,16.062395142565034,16.084291561231353;0.1
16.084291561231353,26,16.06396261995914,16.084291561231353;0.1
16.084291561231353,29,16.056626231972224,16.084291561231353;0.1
16.084291561231353,34,16.055414217346062,16.084291561231353;0.1
16.084291561231353,24,16.053220626031532,16.084291561231353;0.1
16.084291561231353,18,16.065682562337518,16.084291561231353;0.1
16.084291561231353,27,16.06297244552744,16.084291561231353;0.1
16.084291561231353,20,16.068360340650628,16.084291561231353;0.1
16.084291561231353,21,16.060641585425763,16.084291561231353;0.1
16.084291561231353,29,16.04868414877567,16.084291561231353;0.1
16.084291561231353,27,16.061772858503335,16.084291561231353;0.1
16.084291561231353,24,16.0643136506803,15.987541259874497;0.1
16.084291561231353,23,16.06556040433333,16.084291561231353;0.1
16.084291561231353,22,16.06533192764275,16.084291561231353;0.1
16.084291561231353,20,16.06926140413378,16.084291561231353;0.1
16.084291561231353,24,16.062949560780012,16.084291561231353;0.1
16.084291561231353,27,16.053896111369372,16.084291561231353;0.1
16.084291561231353,27,16.058238482554657,16.084291561231353;0.1
16.084291561231353,21,16.064276364088254,16.084291561231353;0.1
16.084291561231353,31,16.06188537457432,16.084291561231353;0.1
16.084291561231353,24,16.06343075567369,16.084291561231353;0.1
16.084291561231353,33,16.05599160400358,16.084291561231353;0.1
16.084291561231353,23,16.067776191410452,16.084291561231353;0.1
16.084291561231353,27,16.0607563727149,16.084291561231353;0.1
16.084291561231353,25,16.064482000320567,16.084291561231353;0.1
16.084291561231353,21,16.064735102034206,16.084291561231353;0.1
16.084291561231353,23,16.057595300265344,16.084291561231353;0.1
16.084291561231353,27,16.05740144530378,16.084291561231353;0.1
16.084291561231353,27,16.055407355539003,16.084291561231353;0.1
16.084291561231353,28,16.061415002457082,16.084291561231353;0.1
16.084291561231353,23,16.064337772011207,16.084291561231353;0.1
16.084291561231353,20,16.065377610349397,16.084291561231353;0.1
16.084291561231353,20,16.072043785465922,16.084291561231353;0.1
16.084291561231353,32,16.052039328572405,16.084291561231353;0.1
16.084291561231353,20,16.07064477444176,16.084291561231353;0.1
16.084291561231353,22,16.068091580328865,16.084291561231353;0.1
16.084291561231353,24,16.06110812112023,16.084291561231353;0.1
16.084291561231353,23,16.065618173505104,16.084291561231353;0.1
16.084291561231353,22,16.07002819302677,16.084291561231353;0.1
16.084291561231353,24,16.06335090307533,16.084291561231353;0.1
16.084291561231353,22,16.065772818031466,16.084291561231353;0.1
16.084291561231353,22,16.062681324861348,16.084291561231353;0.1
16.084291561231353,21,16.06952240788573,16.084291561231353;0.1
16.084291561231353,27,16.063258398692554,16.084291561231353;0.1
16.084291561231353,19,16.06298459245976,16.084291561231353;0.1
16.084291561231353,22,16.065593711169182,16.084291561231353;0.1
16.084291561231353,24,16.0626165835549,16.084291561231353;0.1
16.084291561231353,20,16.06543598821326,16.084291561231353;0.1
16.084291561231353,24,16.060349435485783,16.084291561231353;0.1
16.084291561231353,25,16.06098772227137,16.084291561231353;0.1
16.084291561231353,19,16.067601520301377,16.084291561231353;0.1
16.084291561231353,27,16.05842861162744,16.084291561231353;0.1
16.084291561231353,25,16.065425388383577,16.084291561231353;0.1
16.084291561231353,23,16.066020689571676,15.987541259874497;0.1
16.084291561231353,30,16.050520674470697,16.084291561231353;0.1
16.084291561231353,25,16.061185823815013,16.084291561231353;0.1
16.084291561231353,23,16.062306636916343,16.084291561231353;0.1
16.084291561231353,21,16.068335256610588,16.084291561231353;0.1
16.084291561231353,24,16.064750130196682,16.084291561231353;0.1
16.084291561231353,27,16.059992570131072,16.084291561231353;0.1
16.084291561231353,27,16.05956629236461,16.084291561231353;0.1
16.084291561231353,24,16.059550601916747,16.084291561231353;0.1
16.084291561231353,25,16.064422211971674,16.084291561231353;0.1
16.084291561231353,25,16.05957430937054,16.084291561231353;0.1
16.084291561231353,25,16.06260328386749,16.084291561231353;0.1
16.084291561231353,26,16.058121691337053,16.084291561231353;0.1
16.084291561231353,27,16.059883911805645,15.91150643840079;0.1
16.084291561231353,22,16.063953452605578,16.084291561231353;0.1
16.084291561231353,31,16.05361043250443,16.084291561231353;0.1
16.084291561231353,28,16.052200946042014,16.084291561231353;0.1
16.084291561231353,23,16.059245983062,15.874438743900797;0.1
16.084291561231353,22,16.071539934262102,16.084291561231353;0.1
16.084291561231353,22,16.065928809583635,16.084291561231353;0.1
16.084291561231353,23,16.06120086796532,16.084291561231353;0.1
16.084291561231353,24,16.063610885393924,16.084291561231353;0.1
16.084291561231353,27,16.057747069424618,16.084291561231353;0.1
16.084291561231353,22,16.064102036848947,16.084291561231353;0.1
16.084291561231353,23,16.061917146965502,16.084291561231353;0.1
16.084291561231353,25,16.06283217591242,16.084291561231353;0.1
16.084291561231353,30,16.05314898503263,16.084291561231353;0.1
16.084291561231353,29,16.063920351026287,16.084291561231353;0.1
16.084291561231353,28,16.0636924822775,16.084291561231353;0.1
16.084291561231353,26,16.05938519042978,16.084291561231353;0.1
16.084291561231353,18,16.069537017804297,16.084291561231353;0.1
16.084291561231353,24,16.06826736538307,15.91150643840079;0.1
16.084291561231353,26,16.06387886199784,16.084291561231353;0.1
16.084291561231353,19,16.070042414720795,16.084291561231353;0.1
16.084291561231353,20,16.062389761105198,16.084291561231353;0.1
16.084291561231353,21,16.05998731653721,15.874438743900797;0.1
16.084291561231353,28,16.055095975976442,15.597808520413484;0.1
16.084291561231353,24,16.063854325382938,15.710658836119986;0.1
16.084291561231353,29,16.05828190694096,16.084291561231353;0.1
16.084291561231353,33,16.05281747833554,16.084291561231353;0.1
16.084291561231353,25,16.058372281806513,16.084291561231353;0.1
16.084291561231353,22,16.06123397194822,14.702843979833919;0.1
16.084291561231353,27,16.058678610857502,16.084291561231353;0.1
16.084291561231353,24,16.058691823468084,16.084291561231353;0.1
16.084291561231353,27,16.055511768661695,16.084291561231353;0.1
16.084291561231353,24,16.0547002742903,16.084291561231353;0.1
16.084291561231353,26,16.05732588767567,16.084291561231353;0.1
16.084291561231353,28,16.0591041175802,15.554497045113788;0.1
16.084291561231353,27,16.05516949062286,16.084291561231353;0.1
16.084291561231353,27,16.057230846611912,16.084291561231353;0.1
16.084291561231353,24,16.064566797182252,16.084291561231353;0.1
16.084291561231353,24,16.06011204830613,16.084291561231353;0.1
16.084291561231353,28,16.06059660157047,16.084291561231353;0.1
16.084291561231353,27,16.06681497964934,16.084291561231353;0.1
16.084291561231353,27,16.05970282790538,16.084291561231353;0.1
16.084291561231353,31,16.056334455270708,16.084291561231353;0.1
16.084291561231353,27,16.058853588671663,15.546847485326987;0.1
16.084291561231353,29,16.055806006790064,16.054223810729397;0.1
16.084291561231353,29,16.05416091945589,16.084291561231353;0.1
16.084291561231353,25,16.058596551074668,16.084291561231353;0.1
16.084291561231353,22,16.066422591844734,16.084291561231353;0.1
16.084291561231353,31,16.052010884343414,16.084291561231353;0.1
16.084291561231353,21,16.06577612434773,15.977703794539094;0.1
16.084291561231353,26,16.054283251798992,16.084291561231353;0.1
16.084291561231353,22,16.06527827293734,16.084291561231353;0.1
16.084291561231353,22,16.065231561715397,16.084291561231353;0.1
16.084291561231353,29,16.057593326166003,16.084291561231353;0.1
16.084291561231353,27,16.063079013495166,16.084291561231353;0.1
16.084291561231353,26,16.06378347622429,16.084291561231353;0.1
16.084291561231353,21,16.065377663509746,16.084291561231353;0.1
16.084291561231353,19,16.067089773001676,16.084291561231353;0.1
16.084291561231353,20,16.070808327074953,16.084291561231353;0.1
16.084291561231353,19,16.069673990014344,16.084291561231353;0.1
16.084291561231353,28,16.050981085373458,16.084291561231353;0.1
16.084291561231353,33,16.051403939929923,16.084291561231353;0.1
16.084291561231353,26,16.059325252047966,15.597808520413484;0.1
16.084291561231353,27,16.062757085771477,16.084291561231353;0.1
16.084291561231353,35,16.05155870340068,16.084291561231353;0.1
16.084291561231353,24,16.064493105145687,16.084291561231353;0.1
16.084291561231353,22,16.057061282967883,16.084291561231353;0.1
16.084291561231353,26,16.05890308631066,16.084291561231353;0.1
16.084291561231353,26,16.060206617185404,16.084291561231353;0.1
16.084291561231353,23,16.06514351212358,16.084291561231353;0.1
16.084291561231353,21,16.06766070142733,16.084291561231353;0.1
16.084291561231353,21,16.0658393807615,16.084291561231353;0.1
16.084291561231353,25,16.06834391435852,16.084291561231353;0.1
16.084291561231353,21,16.065871115154064,16.084291561231353;0.1
16.084291561231353,26,16.05848054004459,16.084291561231353;0.1
16.084291561231353,24,16.06516410329101,16.084291561231353;0.1
16.084291561231353,24,16.058088604751322,16.084291561231353;0.1
16.084291561231353,21,16.06003059741219,16.084291561231353;0.1
16.084291561231353,22,16.056982832727694,16.084291561231353;0.1
16.084291561231353,24,16.066441120906227,16.084291561231353;0.1
16.084291561231353,25,16.06444093320788,16.084291561231353;0.1
16.084291561231353,26,16.06155670241086,16.084291561231353;0.1
16.084291561231353,32,16.056418662927086,16.084291561231353;0.1
16.084291561231353,30,16.06059463587662,16.084291561231353;0.1
16.084291561231353,31,16.06000553804387,16.084291561231353;0.1
16.084291561231353,27,16.058464522878722,16.084291561231353;0.1
16.084291561231353,22,16.069350592915207,16.084291561231353;0.1
16.084291561231353,23,16.067249252850452,16.084291561231353;0.1
16.084291561231353,22,16.069227516032097,16.084291561231353;0.1
16.084291561231353,26,16.05913661855737,16.084291561231353;0.1
16.084291561231353,27,16.056520500985002,16.084291561231353;0.1
16.084291561231353,30,16.056706399957896,16.084291561231353;0.1
16.084291561231353,23,16.058651518406542,16.084291561231353;0.1
16.084291561231353,23,16.063589486522105,16.084291561231353;0.1
16.084291561231353,26,16.060559298513564,16.084291561231353;0.1
16.084291561231353,29,16.05751551538895,16.084291561231353;0.1
16.084291561231353,20,16.06613384535397,15.710658836119986;0.1
16.084291561231353,20,16.064697708856357,16.084291561231353;0.1
16.084291561231353,25,16.059548957139068,16.084291561231353;0.1
16.084291561231353,24,16.061131793943318,16.084291561231353;0.1
16.084291561231353,18,16.06784171654606,16.084291561231353;0.1
16.084291561231353,21,16.06854088846946,15.803789556084277;0.1
16.084291561231353,22,16.060115403561444,16.084291561231353;0.1
16.084291561231353,19,16.059637669203003,16.084291561231353;0.1
16.084291561231353,23,16.058376097434948,16.084291561231353;0.1
16.084291561231353,23,16.06647192564719,16.084291561231353;0.1
16.084291561231353,25,16.06505819604846,16.084291561231353;0.1
16.084291561231353,21,16.067109017408736,16.084291561231353;0.1
16.084291561231353,19,16.06839949445838,16.084291561231353;0.1
16.084291561231353,25,16.059927803688165,16.084291561231353;0.1
16.084291561231353,23,16.063659821853573,16.084291561231353;0.1
16.084291561231353,24,16.063164739872477,16.084291561231353;0.1
16.084291561231353,21,16.06455687387765,16.084291561231353;0.1
16.084291561231353,22,16.065587821491597,16.084291561231353;0.1
16.084291561231353,20,16.062122757256486,16.084291561231353;0.1
16.084291561231353,22,16.066163192508935,15.987541259874497;0.1
16.084291561231353,20,16.066678277552633,15.977703794539094;0.1
16.084291561231353,26,16.058076047279442,16.084291561231353;0.1
16.084291561231353,24,16.062059250857782,16.084291561231353;0.1
16.084291561231353,20,16.0630783194386,15.554497045113788;0.1
16.084291561231353,18,16.062361920256294,16.084291561231353;0.1
16.084291561231353,23,16.062967607926996,16.084291561231353;0.1
16.084291561231353,25,16.06306521100223,16.084291561231353;0.1
16.084291561231353,27,16.062102875861722,16.084291561231353;0.1
16.084291561231353,26,16.05620707825159,16.084291561231353;0.1
16.084291561231353,23,16.061608373070978,16.084291561231353;0.1
16.084291561231353,33,16.04955174643377,16.084291561231353;0.1
16.084291561231353,26,16.063287317436135,16.084291561231353;0.1
16.084291561231353,26,16.059731017270618,16.084291561231353;0.1
16.084291561231353,27,16.056203681697212,16.084291561231353;0.1
16.084291561231353,27,16.066009251195545,16.084291561231353;0.1
16.084291561231353,28,16.0604320663019,16.084291561231353;0.1
16.084291561231353,32,16.052582570600993,16.084291561231353;0.1
16.084291561231353,25,16.062106336554997,16.084291561231353;0.1
16.084291561231353,20,16.06524930119684,16.084291561231353;0.1
16.084291561231353,25,16.063412886876762,16.084291561231353;0.1
16.084291561231353,24,16.066092215510817,16.084291561231353;0.1
16.084291561231353,23,16.067041844189422,14.843306112131021;0.1
16.084291561231353,23,16.066654447892866,16.084291561231353;0.1
16.084291561231353,25,16.064626086707634,16.084291561231353;0.1
16.084291561231353,27,16.06186420702103,16.084291561231353;0.1
16.084291561231353,33,16.055290040668083,16.084291561231353;0.1
16.084291561231353,29,16.052426528336305,16.084291561231353;0.1
16.084291561231353,24,16.05234639408437,16.084291561231353;0.1
16.084291561231353,26,16.058232756196144,16.084291561231353;0.1
16.084291561231353,24,16.060879221890715,16.084291561231353;0.1
16.084291561231353,20,16.066682282407122,16.084291561231353;0.1
16.084291561231353,27,16.058472057136875,16.084291561231353;0.1
16.084291561231353,22,16.068330757034836,15.987541259874497;0.1
16.084291561231353,28,16.052333310920524,16.084291561231353;0.1
16.084291561231353,22,16.06314952563257,16.084291561231353;0.1
16.084291561231353,31,16.054297078004428,16.084291561231353;0.1
16.084291561231353,25,16.054625137078368,16.084291561231353;0.1
16.084291561231353,20,16.06578018443084,15.91150643840079;0.1
16.084291561231353,25,16.05167762175125,16.084291561231353;0.1
16.084291561231353,21,16.0649557792164,16.084291561231353;0.1
16.084291561231353,29,16.055817068811656,16.084291561231353;0.1
16.084291561231353,22,16.066118030586843,16.084291561231353;0.1
16.084291561231353,28,16.054987092141555,16.084291561231353;0.1
16.084291561231353,31,16.04981084588476,16.084291561231353;0.1
16.084291561231353,26,16.060996185859395,16.084291561231353;0.1
16.084291561231353,24,16.059390843688877,16.084291561231353;0.1
16.084291561231353,24,16.058097872214745,16.084291561231353;0.1
